{"cameraMode":{"drawMode":0,"name":"Shaded","section":"Shading Mode"},"sceneLighting":false,"audioPlay":false,"sceneViewState":{"m_AlwaysRefresh":false,"showFog":true,"showSkybox":true,"showFlares":true,"showImageEffects":true,"showParticleSystems":true,"showVisualEffectGraphs":true,"m_FxEnabled":false},"in2DMode":false,"pivot":{"x":17.015727996826173,"y":4.4173407554626469,"z":-8.720002174377442},"rotation":{"x":-0.08048601448535919,"y":-0.6033418774604797,"z":0.061387911438941959,"w":-0.7910386919975281},"size":37.968257904052737,"orthographic":true}