{"cameraMode":{"drawMode":0,"name":"Shaded","section":"Shading Mode"},"sceneLighting":false,"audioPlay":false,"sceneViewState":{"m_AlwaysRefresh":false,"showFog":true,"showSkybox":true,"showFlares":true,"showImageEffects":true,"showParticleSystems":true,"showVisualEffectGraphs":true,"m_FxEnabled":false},"in2DMode":false,"pivot":{"x":419.66778564453127,"y":40.77192306518555,"z":-0.00040721893310546875},"rotation":{"x":0.02541487105190754,"y":0.0802953690290451,"z":0.0020478374790400268,"w":-0.9964455962181091},"size":231.13934326171876,"orthographic":true}