{"cameraMode":{"drawMode":0,"name":"Shaded","section":"Shading Mode"},"sceneLighting":false,"audioPlay":false,"sceneViewState":{"m_AlwaysRefresh":false,"showFog":true,"showSkybox":false,"showFlares":true,"showImageEffects":true,"showParticleSystems":true,"showVisualEffectGraphs":true,"m_FxEnabled":true},"in2DMode":false,"pivot":{"x":7.152557373046875e-7,"y":1.997990369796753,"z":0.0000045299530029296879},"rotation":{"x":0.14484776556491853,"y":0.6491755843162537,"z":-0.12781448662281037,"w":0.7357045412063599},"size":3.46527099609375,"orthographic":true}