{"cameraMode":{"drawMode":0,"name":"Shaded","section":"Shading Mode"},"sceneLighting":false,"audioPlay":false,"sceneViewState":{"m_AlwaysRefresh":false,"showFog":true,"showSkybox":false,"showFlares":true,"showImageEffects":true,"showParticleSystems":true,"showVisualEffectGraphs":true,"m_FxEnabled":true},"in2DMode":false,"pivot":{"x":0.04979562759399414,"y":2.5595998764038088,"z":0.00777435302734375},"rotation":{"x":-0.24894706904888154,"y":-0.6177261471748352,"z":0.21531903743743897,"w":-0.7141990661621094},"size":9.384608268737793,"orthographic":true}