{"cameraMode":{"drawMode":0,"name":"Shaded","section":"Shading Mode"},"sceneLighting":false,"audioPlay":false,"sceneViewState":{"m_AlwaysRefresh":false,"showFog":true,"showSkybox":false,"showFlares":true,"showImageEffects":true,"showParticleSystems":true,"showVisualEffectGraphs":true,"m_FxEnabled":false},"in2DMode":false,"pivot":{"x":0.013629913330078125,"y":1.4532663822174073,"z":0.2638877332210541},"rotation":{"x":0.03859357535839081,"y":-0.9354761242866516,"z":0.10795709490776062,"w":0.33432745933532717},"size":1.6393158435821534,"orthographic":true}